{"cameraMode":{"drawMode":0,"name":"Shaded","section":"Shading Mode"},"sceneLighting":false,"audioPlay":false,"sceneViewState":{"m_AlwaysRefresh":false,"showFog":true,"showSkybox":false,"showFlares":true,"showImageEffects":true,"showParticleSystems":true,"showVisualEffectGraphs":true,"m_FxEnabled":true},"in2DMode":false,"pivot":{"x":0.00044035911560058594,"y":2.4329261779785158,"z":0.010653853416442871},"rotation":{"x":-0.22762718796730042,"y":0.037086743861436847,"z":-0.008676158264279366,"w":-0.9730052947998047},"size":3.47756028175354,"orthographic":false}